Business Model,Initial Investment,Revenue Model,Target Market,Key Services Offered,Monthly Revenue Potential,Profit Margin,Scalability,Time to Profitability,Competitive Differentiation
VR Training Services Bureau,"$25,000-60,000",Per-project fees; subscription training modules; per-seat licensing; consulting,Corporations; healthcare; manufacturing; retail; hospitality; public safety,Custom training development; needs analysis; content updates; effectiveness tracking; deployment,"$15,000-75,000 (3-5 projects/month)",40-60% (after development costs amortized),High - content reusable; cloud delivery; global reach; licensing model,6-12 months (first projects sold; reputation built),Natural hand interaction = higher retention (75% vs traditional); measurable ROI; industry-specific expertise
Motion Capture Studio,"$75,000-200,000",Hourly/daily studio rental; per-project contracts; asset sales; consulting,Film/TV; games; advertising; music videos; sports; medical/biomechanics research,Performance capture; character animation; full-body mocap; data cleaning; technical direction,"$25,000-150,000 (billable days + projects)",35-55% (equipment depreciation; overhead),Medium - limited by studio space/equipment; can add shifts; franchise model possible,12-24 months (equipment ROI; client acquisition),Precision finger capture = higher-quality output; faster turnaround; comprehensive service offering
Robotics Integration Consulting,"$40,000-100,000",Hourly consulting ($100-500); project fees ($50k-200k); maintenance contracts; training,Manufacturing; logistics; aerospace; defense; medical robotics; automation,System integration; robot programming; teleoperation systems; training; technical support,"$20,000-100,000 (consulting + projects)",50-70% (knowledge-based; low overhead),High - knowledge-based; remote work; can hire specialists; international projects,3-6 months (immediate consulting; project pipeline),Manus expertise = competitive advantage; cutting-edge capability; proven results; research partnerships
Virtual Production Services,"$100,000-300,000",Daily rates ($2k-10k); project fees; equipment rental; post-production services,Film/TV; advertising; live events; corporate presentations; real estate,Previz; virtual cinematography; real-time compositing; multi-user collaboration; remote direction,"$40,000-200,000 (high-value projects)",30-50% (equipment costs; technical staff),Medium-High - can expand equipment; multiple stages; franchise studios,12-18 months (equipment costs; showcase projects),Real-time hand performance = creative freedom; faster iteration; cost savings vs traditional pipeline
Enterprise VR Development Agency,"$35,000-80,000",Project fees ($40k-180k); retainer contracts; ongoing support; licensing,Fortune 500; automotive; aerospace; healthcare; education; government,Strategy consulting; UX/UI design; development; testing; deployment; ongoing support,"$30,000-150,000 (2-3 enterprise projects)",45-65% (software-focused; scalable),High - remote teams; global clients; white-label; partnerships; agency model,6-12 months (first enterprise contracts landed),Full-service capability; proven technology; enterprise support; scalable solutions; industry experience
Research & Development Lab,"$50,000-150,000",Grant funding; research contracts; publications; patent licensing; consulting,Universities; corporate R&D; government labs; medical research; tech companies,Custom hardware/software; proof-of-concept; prototyping; technical papers; IP development,"$25,000-100,000 (grants + contracts)",30-50% (equipment; specialized staff),Medium - specialized; facility-dependent; can license IP; consulting scalable,12-36 months (grant cycles; research timelines),Advanced capability; publication potential; grant-worthy; unique IP; commercial applications
VR Content Licensing,"$20,000-50,000",Per-license fees; royalty agreements; asset marketplace; subscription access,VR developers; enterprise training depts; educational institutions; content creators,Motion libraries; training modules; experience templates; custom content; white-label solutions,"$10,000-50,000 (recurring + new licenses)",60-80% (digital products; low marginal cost),Very High - digital products; unlimited distribution; automation; global marketplace,6-18 months (content library built; distribution established),Quality assets; Manus ecosystem; specialized content; proven in production; ongoing support
Hybrid Studio (Multi-Service),"$150,000-400,000",Multiple revenue streams; cross-selling; bundled services; enterprise accounts,All of the above; diversified client base; reduced risk; market flexibility,Training + mocap + virtual production + consulting + content licensing,"$75,000-300,000+ (diversified streams)",40-60% (economies of scale; cross-selling),Medium-High - multiple revenue streams hedge risk; can expand vertically/horizontally,12-24 months (multiple streams mature together),One-stop shop; expertise breadth; equipment investment; relationship leverage; efficiency
Educational VR Platform,"$30,000-75,000",Per-student licensing; institutional contracts; content subscriptions; certification,K-12 schools; universities; vocational training; corporate learning; continuing ed,Curriculum development; interactive lessons; assessment tools; teacher training; LMS integration,"$20,000-80,000 (institutional contracts)",45-60% (content reuse; institutional sales),Very High - digital curriculum; institutional adoption; viral growth; platform model,6-18 months (pilot programs; institutional sales cycles),Engagement advantage; learning outcomes; accessibility; measurable effectiveness; progressive institutions
Metaverse Experience Development,"$40,000-100,000",Project development; platform fees; creator tools; virtual events; advertising,Brands; entertainment; social platforms; gaming; events; virtual commerce,World building; avatar systems; social features; events; creator economy tools; monetization,"$25,000-120,000 (projects + platform fees)",50-70% (digital platform; network effects),Very High - digital platform; network effects; creator economy; global reach,12-24 months (platform development; user acquisition),Natural interaction; social presence; creator tools; cross-platform; innovative experiences
