Plugin/Tool Name,What It Is,What It Does,Automation Examples,Innovative Manus-Connected Use Cases,Pricing,Target Audience,Monetization Opportunities
Unity Plugin,Real-time finger tracking integration for Unity game engine and VR development,Streams glove data to Unity; retargets hand animations; supports custom hand models; enables VR interactions,Auto-generate VR training modules with natural hand interactions; batch-process gesture libraries; create interactive product demos automatically; script-driven character animation,VR therapy with hand tracking for stroke rehabilitation; metaverse avatar control; virtual instrument playing; sign language translation training; surgical simulation,Free with Manus Core license,VR developers; indie game studios; corporate training developers; educational institutions; VR experience designers,VR training development ($40k-180k/project); interactive product demos ($15k-50k); custom VR apps ($25k-100k); VR game development; metaverse experiences
Unreal Engine Plugin,Native plugin for Unreal Engine enabling hand/finger tracking in real-time,Real-time hand animation; Blueprint integration; supports MetaHuman and custom rigs; UE5.6 compatible,Automate cinematic hand animations; procedural gesture generation; real-time character interaction systems; automated quality testing of hand rigs,Film previz with real-time hand performance; virtual production for finger-detail shots; game dev with natural NPC interactions; architectural walkthroughs with hand interactions,Free with Manus Core license,Film/VFX studios; AAA game developers; virtual production teams; architectural visualization firms; automotive designers,Film previz services ($500-2500/day); virtual production consulting ($150-300/hr); architectural VR tours ($10k-50k/project); game development contracts
MotionBuilder Plugin,Motion capture plugin for Autodesk MotionBuilder for animation workflows,Imports finger tracking data; synchronizes with body mocap; exports animation to FBX,Batch process mocap sessions; auto-cleanup finger data; scripted export pipelines; integrate with automated rendering farms,AAA game character animation; film VFX finger detail; commercial animation production; virtual idol performances; motion library creation,Free with Manus Core license,Professional animators; mocap studios; film production houses; game animation teams; commercial animation agencies,Mocap services ($500-2500/session); character animation ($50-200/hr); commercial animation production; motion library sales; animation consulting
C++ SDK,Low-level C++ SDK for custom integrations and proprietary applications,Direct hardware access; custom data processing; integration into proprietary systems; low-latency control,Custom robot training data collection; automated teleoperation logging; real-time analytics dashboards; AI/ML training data generation,Custom robotics research platforms; medical device teleoperation; space exploration robots; hazardous environment manipulation; custom haptic systems,Requires Feature License with SDK enabled (contact sales),Robotics researchers; enterprise developers; medical device companies; defense contractors; custom hardware integrators,Custom robotics integration ($100-300/hr); teleoperation systems ($50k-200k/project); medical device development; research consulting ($150-500/hr)
ROS2 Package,ROS2 wrapper enabling robotics integration with haptic feedback support,Publishes glove data to ROS2 topics; enables robot teleoperation; supports haptic commands,Autonomous robot hand control; automated demonstration recording for imitation learning; teleoperation data logging; robotic grasping research,Humanoid robot training via imitation learning; teleoperated bomb disposal; remote surgery research; warehouse automation; dexterous manipulation research,Free with SDK/Manus Core,Robotics labs; AI/ML researchers; automation companies; academic institutions; teleoperation developers,Robot training services; imitation learning consulting; automation integration; research partnerships; AI dataset creation and sales
VRED Plugin,Autodesk VRED plugin for automotive/industrial VR design review,Hand tracking in automotive VR; design reviews; ergonomics testing in virtual environments,Automated design review workflows; ergonomics compliance checking; batch test virtual cockpit interactions; generate accessibility reports,Automotive cockpit ergonomics validation; industrial equipment accessibility testing; virtual car configurators; design iteration without physical prototypes,Free with Manus Core license,Automotive OEMs; industrial designers; aerospace companies; heavy machinery manufacturers; ergonomics consultants,Automotive ergonomics consulting ($150-300/hr); design validation services ($25k-100k/project); virtual prototyping; accessibility compliance
MVN Animate Integration (Xsens),Seamless integration with Xsens motion capture suits for full-body mocap,Combined body+finger mocap; single data stream; accurate hand skeleton; MVN integration,Automated full-performance capture; multi-actor scene recording; batch character animation; film production pipeline integration,Live performance capture for virtual concerts; multiplayer VR experiences; sports motion analysis; biomechanics research; avatar social platforms,Included with Xsens integration (gloves sold separately),Film studios; professional mocap facilities; game development studios; live entertainment; sports analysis firms,Performance capture services ($2k-10k/day); live event production; virtual concert production; sports analysis consulting; biomechanics research
Motive Plugin (OptiTrack),OptiTrack integration for precision optical tracking with Manus gloves,Finger data streaming to Motive; marker-based tracking; full-body mocap synchronization,Automated marker tracking; multi-camera calibration; synchronized full-body capture; batch processing mocap sessions,High-precision film mocap; sports performance analysis; medical movement studies; biomechanical research; professional animation production,Free plugin (OptiTrack system required),Professional mocap studios; biomechanics labs; high-end animation studios; sports science institutes; research facilities,Premium mocap services ($1k-5k/day); sports performance analysis; medical motion studies; high-end animation production; research data collection
OpenXR Extension,Standard OpenXR hand tracking extension for cross-platform VR compatibility,"Cross-platform VR hand tracking; standardized API; works with Quest, Index, Vive",Cross-platform VR app deployment; automated hand tracking initialization; universal gesture recognition systems,Universal VR training apps; cross-platform social VR; accessible VR education; standardized gesture controls; platform-agnostic development,Free with Manus Core license,Cross-platform VR developers; enterprise VR solutions; training content creators; accessible VR app developers,Cross-platform VR app development; universal training systems; accessible VR experiences; enterprise VR solutions with broad compatibility
Manus Core Dashboard,"Central data hub for recording, exporting (FBX/CSV), calibration, and streaming",Records sessions; exports to FBX/CSV; calibrates gloves; manages users; live data visualization,Scheduled recording sessions; automated data export; triggered recording from external systems; batch calibration for multi-user setups,Remote mocap direction; distributed team collaboration; archival of performance data; AI training dataset creation; quality assurance workflows,Core Annual: ~$500-1500/year; Perpetual: ~$2500-5000 (estimated based on enterprise licenses),All Manus users; mocap operators; VR developers; research labs; production studios,Mocap studio services; data archival services; remote direction services; training data sales; workflow automation consulting
Polygon Full-Body IK,Suitless full-body tracking solution using 5-6 trackers with IK solver,Full-body IK from 5 trackers; no suit required; multi-user support; 45-sec calibration,Automated avatar generation; real-time collaboration sessions; virtual meeting automation; character performance capture,Virtual production without suits; quick-setup VR collaboration; remote team meetings with full-body avatars; educational VR lectures; fitness apps,SaaS model (~$2000-5000/year estimated for commercial use),VR collaboration platforms; virtual production teams; enterprise training; educational institutions; fitness apps; social VR,Virtual collaboration platforms; corporate VR meetings; fitness VR apps; educational VR; social VR platforms; virtual events ($5k-50k/project)
Live Link Plugin (Unreal),Unreal Live Link protocol support for real-time data streaming,Live streaming to Unreal; remote control; real-time previsualization; networked workflows,Remote direction workflows; automated scene previews; networked collaborative animation; real-time virtual production,Remote film direction from anywhere; distributed animation teams; real-time client previews; virtual production coordination across continents,Free with Manus Core/Unreal plugin,Remote film directors; distributed animation teams; virtual production studios; real-time collaboration workflows,Remote production services; distributed team collaboration tools; real-time client review systems; virtual cinematography ($200-500/hr)
