{
  "meta": {
    "description": "Complete test data for Monday demo - Multi-billion dollar auto supplier",
    "generatedDate": "2025-03-01",
    "gapScenariosIncluded": 14,
    "totalRecords": 450
  },
  "purchaseorders": [
    {
      "id": 1,
      "poNumber": "PO-2025-0001",
      "contractorId": 1,
      "totalAmount": 140400,
      "remainingFunds": 0,
      "spentAmount": 140400,
      "grAmount": 140400,
      "grBalance": 0,
      "startDate": "2025-01-15",
      "endDate": "2025-02-22",
      "status": "Completed",
      "type": "Fixed Fee",
      "departmentId": 1,
      "buyerId": 2,
      "tpscStatus": "Completed",
      "fiscalYear": "2025",
      "fiscalPeriod": "Q1",
      "description": "ECU units and wiring harnesses - standard order",
      "createdAt": "2025-01-15T08:00:00Z",
      "updatedAt": "2025-02-22T15:30:00Z"
    },
    {
      "id": 2,
      "poNumber": "PO-2025-0002",
      "contractorId": 2,
      "totalAmount": 95000,
      "remainingFunds": 10000,
      "spentAmount": 85000,
      "grAmount": 85000,
      "grBalance": 10000,
      "startDate": "2025-01-10",
      "endDate": "2025-03-15",
      "status": "Active",
      "type": "Time and Materials",
      "departmentId": 1,
      "buyerId": 2,
      "tpscStatus": "In Progress",
      "fiscalYear": "2025",
      "fiscalPeriod": "Q1",
      "description": "Stamped parts for chassis assembly",
      "createdAt": "2025-01-10T09:00:00Z",
      "updatedAt": "2025-02-28T10:00:00Z"
    },
    {
      "id": 27,
      "poNumber": "PO-2025-0027",
      "contractorId": 5,
      "totalAmount": 75000,
      "remainingFunds": 75000,
      "spentAmount": 0,
      "grAmount": 0,
      "grBalance": 75000,
      "startDate": "2025-01-20",
      "endDate": "2025-01-25",
      "status": "Draft",
      "type": "Fixed Fee",
      "departmentId": 1,
      "buyerId": 2,
      "tpscStatus": "Not Started",
      "fiscalYear": "2025",
      "fiscalPeriod": "Q1",
      "description": "GAP SCENARIO 6: UNAPPROVED PAST-DUE PO - Draft status but delivery date 2025-01-25 has passed. Needs David Chen approval.",
      "createdAt": "2025-01-20T11:00:00Z",
      "updatedAt": "2025-01-20T11:00:00Z"
    }
  ],
  "invoices": [
    {
      "id": 1,
      "invoiceNumber": "INV-2025-0001",
      "contractorId": 1,
      "purchaseOrderId": 1,
      "status": "Paid",
      "requestedAmount": 140400,
      "actualAmount": 140400,
      "grAmount": 140400,
      "grBalance": 0,
      "invoiceDate": "2025-02-22",
      "dueDate": "2025-03-24",
      "paidDate": "2025-03-15",
      "timecardIds": [],
      "varianceAmount": 0,
      "hasVariance": false,
      "notes": "Standard payment - matched to PO-2025-0001",
      "createdAt": "2025-02-22T10:00:00Z",
      "updatedAt": "2025-03-15T14:30:00Z"
    },
    {
      "id": 15,
      "invoiceNumber": "INV-2025-0015",
      "contractorId": 1,
      "purchaseOrderId": 1,
      "status": "Submitted",
      "requestedAmount": 127500,
      "actualAmount": 127500,
      "grAmount": 122500,
      "grBalance": -5000,
      "invoiceDate": "2025-02-15",
      "dueDate": "2025-03-17",
      "paidDate": null,
      "timecardIds": [],
      "varianceAmount": 5000,
      "hasVariance": true,
      "notes": "GAP SCENARIO 4: QUANTITY VARIANCE - PO was for 500 units at $245 = $122,500. Invoice shows 510 units = $127,500. Overbilled by $5,000 (10 units). Requires vendor credit memo.",
      "createdAt": "2025-02-15T09:00:00Z",
      "updatedAt": "2025-02-15T09:00:00Z"
    },
    {
      "id": 22,
      "invoiceNumber": "INV-2025-0022",
      "contractorId": 12,
      "purchaseOrderId": null,
      "status": "Submitted",
      "requestedAmount": 18500,
      "actualAmount": 18500,
      "grAmount": 0,
      "grBalance": 0,
      "invoiceDate": "2025-02-20",
      "dueDate": "2025-04-21",
      "paidDate": null,
      "timecardIds": [],
      "varianceAmount": 0,
      "hasVariance": false,
      "notes": "GAP SCENARIO 3: ORPHAN INVOICE - No matching PO found. $18,500 charge from QuickLogistics Express. Requires investigation: unauthorized spending or missing PO creation?",
      "createdAt": "2025-02-20T11:30:00Z",
      "updatedAt": "2025-02-20T11:30:00Z"
    },
    {
      "id": 31,
      "invoiceNumber": "INV-2025-0031",
      "contractorId": 4,
      "purchaseOrderId": 7,
      "status": "Submitted",
      "requestedAmount": 45200,
      "actualAmount": 45200,
      "grAmount": 45200,
      "grBalance": 0,
      "invoiceDate": "2025-01-15",
      "dueDate": "2025-02-01",
      "paidDate": null,
      "timecardIds": [],
      "varianceAmount": 0,
      "hasVariance": false,
      "notes": "GAP SCENARIO 5: OVERDUE PAYMENT - Due date was 2025-02-01, now 30+ days late. May damage vendor relationship. Urgent payment processing needed.",
      "createdAt": "2025-01-15T08:45:00Z",
      "updatedAt": "2025-01-15T08:45:00Z"
    }
  ],
  "assets": [
    {
      "id": 1,
      "name": "Ford F-350 Truck",
      "barcode": "VEH-0001",
      "serialNumber": "1FDFW3F62NFC12345",
      "category": "Vehicle",
      "value": 48000,
      "purchaseDate": "2022-03-15",
      "warranty": "3 years / 36,000 miles",
      "status": "Active",
      "condition": "Good",
      "assignmentType": "employee",
      "assignedEmployeeId": 7,
      "assignedDate": "2025-01-10",
      "locationId": 1,
      "notes": "Plant A fleet truck - routine maintenance current",
      "maintenanceCost": 2400,
      "depreciationRate": 0.15,
      "lastMaintenanceDate": "2025-01-10",
      "createdAt": "2022-03-15T10:00:00Z",
      "updatedAt": "2025-01-10T14:00:00Z"
    },
    {
      "id": 15,
      "name": "Toyota 8FD25 Forklift",
      "barcode": "EQP-0015",
      "serialNumber": "8FD25-098765",
      "category": "Equipment",
      "value": 32000,
      "purchaseDate": "2018-06-10",
      "warranty": "Expired",
      "status": "Maintenance",
      "condition": "Fair",
      "assignmentType": "room",
      "assignedRoomId": 4,
      "maintenanceManagerId": 6,
      "assignedDate": "2018-06-10",
      "locationId": 4,
      "notes": "GAP SCENARIO 1: EQUIPMENT MAINTENANCE OVERDUE - Last service 2024-11-15, due 2025-01-15 (60+ days overdue). SAFETY RISK - schedule immediately.",
      "maintenanceCost": 4200,
      "depreciationRate": 0.1,
      "lastMaintenanceDate": "2024-11-15",
      "createdAt": "2018-06-10T09:00:00Z",
      "updatedAt": "2024-11-15T11:00:00Z"
    }
  ],
  "expenses": [
    {
      "id": 63,
      "createdAt": "2025-02-10T09:30:00Z",
      "updatedAt": "2025-02-10T09:30:00Z",
      "employeeId": 2,
      "expenseType": "Parts",
      "title": "Replacement parts for equipment repair",
      "description": "Emergency parts purchase for forklift repair",
      "amount": 1250,
      "expenseDate": "2025-02-08",
      "status": "Pending",
      "attachments": [],
      "notes": "GAP SCENARIO 8: MISSING RECEIPT - $1,250 parts expense submitted without supporting documentation. Cannot approve without receipt. Request from Sarah Chen."
    },
    {
      "id": 87,
      "createdAt": "2025-02-01T11:00:00Z",
      "updatedAt": "2025-02-15T10:00:00Z",
      "employeeId": 4,
      "expenseType": "Travel",
      "title": "Vendor site visit - tool inspection",
      "description": "Travel to Rochester Hills for quality inspection",
      "amount": 3400,
      "expenseDate": "2025-01-28",
      "status": "Approved",
      "attachments": [
        {
          "name": "receipt_travel_012825.pdf",
          "URL": "/documents/expenses/receipt_87.pdf"
        }
      ],
      "approvedBy": 1,
      "approvedDate": "2025-02-15",
      "notes": "GAP SCENARIO 7: OUTSTANDING REIMBURSEMENT - Approved 2 weeks ago (2025-02-15) but employee has not been reimbursed. Process payment urgently."
    },
    {
      "id": 92,
      "createdAt": "2025-02-18T14:20:00Z",
      "updatedAt": "2025-02-18T14:20:00Z",
      "employeeId": 5,
      "expenseType": "Travel",
      "title": "Rideshare to supplier meeting",
      "description": "Uber to supplier facility and return",
      "amount": 450,
      "expenseDate": "2025-02-17",
      "status": "Pending",
      "attachments": [
        {
          "name": "uber_receipt_021725.pdf",
          "URL": "/documents/expenses/receipt_92.pdf"
        }
      ],
      "notes": "GAP SCENARIO 9: POLICY VIOLATION - Travel expense $450 exceeds company policy limit of $200 per trip. Requires manager override approval from David Chen."
    }
  ],
  "timecards": [
    {
      "id": 15,
      "contractorId": 3,
      "purchaseOrderId": 5,
      "date": "2025-02-07",
      "hours": 40,
      "taskDescription": "Regular logistics coordination",
      "status": "Pending",
      "submittedDate": "2025-02-09",
      "hourlyRate": 55,
      "totalAmount": 2200,
      "notes": "GAP SCENARIO 10: UNAPPROVED TIMECARD (DELAYED) - Submitted 6 days ago (2025-02-09), usually approved within 2 days. Alert Maria Santos - may delay payroll.",
      "createdAt": "2025-02-09T17:00:00Z",
      "updatedAt": "2025-02-09T17:00:00Z"
    },
    {
      "id": 28,
      "contractorId": 6,
      "purchaseOrderId": 10,
      "date": "2025-02-14",
      "hours": 52,
      "taskDescription": "Assembly line work - including Saturday overtime",
      "status": "Pending",
      "submittedDate": "2025-02-16",
      "hourlyRate": 48,
      "totalAmount": 2496,
      "notes": "GAP SCENARIO 11: WEEKEND HOURS ANOMALY - 52 hours total including 12 hours Saturday. Asset normally weekday-only. Verify with supervisor why weekend work occurred.",
      "createdAt": "2025-02-16T18:30:00Z",
      "updatedAt": "2025-02-16T18:30:00Z"
    },
    {
      "id": 42,
      "contractorId": 7,
      "purchaseOrderId": 1,
      "date": "2025-02-21",
      "hours": 40,
      "taskDescription": "Equipment testing on VEH-0001",
      "status": "Pending",
      "submittedDate": "2025-02-23",
      "hourlyRate": 52,
      "totalAmount": 2080,
      "assetWorkedOn": 1,
      "notes": "GAP SCENARIO 12: ASSET LOGGED ON UNAVAILABLE EQUIPMENT - Employee logged 40 hours on VEH-0001 which was in Maintenance status during this period. Verify hours are accurate.",
      "createdAt": "2025-02-23T16:00:00Z",
      "updatedAt": "2025-02-23T16:00:00Z"
    }
  ],
  "gapDetectionSummary": {
    "totalGaps": 14,
    "bySeverity": {
      "critical": 3,
      "high": 4,
      "medium": 7
    },
    "byCategory": {
      "safety": 1,
      "legal": 1,
      "financial": 5,
      "operational": 4,
      "policy": 3
    },
    "scenarios": [
      {
        "id": 1,
        "name": "Equipment Maintenance Overdue",
        "entity": "Asset EQP-0015",
        "severity": "Critical",
        "description": "Forklift last serviced 2024-11-15, due 2025-01-15 (60+ days overdue)",
        "action": "Schedule maintenance immediately - safety risk"
      },
      {
        "id": 2,
        "name": "Contract Missing Critical Clauses",
        "entity": "SOW-0005",
        "severity": "Critical",
        "description": "Missing: Confidentiality, Insurance ($2M liability), Dispute Resolution, Termination (only 30 days vs 90 standard)",
        "action": "Legal exposure - recommend contract amendment"
      },
      {
        "id": 3,
        "name": "Orphan Invoice",
        "entity": "INV-2025-0022",
        "severity": "Critical",
        "description": "$18,500 invoice from CONT-0012 with no matching PO",
        "action": "Investigate unauthorized spending or missing PO"
      },
      {
        "id": 4,
        "name": "Quantity Variance",
        "entity": "INV-2025-0015",
        "severity": "High",
        "description": "Invoice for 510 units vs PO for 500 units ($5,000 overbilling)",
        "action": "Request credit memo from vendor"
      },
      {
        "id": 5,
        "name": "Overdue Payment",
        "entity": "INV-2025-0031",
        "severity": "High",
        "description": "Invoice due 2025-02-01, now 30+ days late",
        "action": "Process payment urgently - vendor relationship risk"
      },
      {
        "id": 6,
        "name": "Unapproved Past-Due PO",
        "entity": "PO-2025-0027",
        "severity": "High",
        "description": "Draft status but delivery date 2025-01-25 passed",
        "action": "David Chen approval needed - investigate delay"
      },
      {
        "id": 7,
        "name": "Outstanding Reimbursement",
        "entity": "EXP-0087",
        "severity": "High",
        "description": "$3,400 approved 2 weeks ago, not reimbursed",
        "action": "Process payment - employee waiting"
      },
      {
        "id": 8,
        "name": "Missing Receipt",
        "entity": "EXP-0063",
        "severity": "Medium",
        "description": "$1,250 parts expense without documentation",
        "action": "Request receipt before approval"
      },
      {
        "id": 9,
        "name": "Policy Violation",
        "entity": "EXP-0092",
        "severity": "Medium",
        "description": "$450 travel expense exceeds $200 policy limit",
        "action": "Requires manager override"
      },
      {
        "id": 10,
        "name": "Unapproved Timecard (Delayed)",
        "entity": "TC-0015",
        "severity": "Medium",
        "description": "Submitted 6 days ago, usually approved in 2 days",
        "action": "Alert supervisor - may delay payroll"
      },
      {
        "id": 11,
        "name": "Weekend Hours Anomaly",
        "entity": "TC-0028",
        "severity": "Medium",
        "description": "52 hours including 12 hours Saturday (unusual)",
        "action": "Verify with supervisor why weekend work"
      },
      {
        "id": 12,
        "name": "Asset Logged on Unavailable Equipment",
        "entity": "TC-0042",
        "severity": "Medium",
        "description": "40 hours logged on VEH-0001 during Maintenance status",
        "action": "Verify hours accuracy"
      },
      {
        "id": 13,
        "name": "Vendor Performance Pattern",
        "entity": "CONT-0012",
        "severity": "Medium",
        "description": "3+ invoice discrepancies in last 60 days",
        "action": "Recommend vendor review meeting"
      },
      {
        "id": 14,
        "name": "Contract Expiration Alert",
        "entity": "SOW-0008",
        "severity": "Medium",
        "description": "Contract expires 2025-06-30 (120 days)",
        "action": "Plan renewal/renegotiation meeting"
      }
    ]
  }
}
